cluster_id,canonical_name,inferred_designation,name_selection_reason,member_count,unique_raw_names,unique_cases,all_raw_variants
1,Pal Singh,ADVOCATE,most_frequent,6,1,6,Pal Singh
2,P. Vishwanatha Sheety,SENIOR,most_frequent,67,8,63,P. V. Shetty | P. Vishwanath Shetty | P. Vishwanatha Setty | P. Vishwanatha Sheety | P. Vishwanatha Shetty | P. Vishwanathan Shetty | P. Viswanatha Shetty | P. v. Vishwanatha Shetty
3,Aarav Bhatia,ADVOCATE,most_frequent,75,4,74,A. Bhatia | Aarav Bhatia | Aarav Bhatiya | Aditya Bhati
4,Ashok Malik,SENIOR,most_frequent,6,1,6,Ashok Malik
5,Aakanksha Sahani,AOR,most_frequent,5,1,5,Aakanksha Sahani
6,R Balasubhramanium,SENIOR,most_frequent,17,5,17,R Balasubhramanium | R Balasubramaniumn | R. Balasubramaium | R. Balasubramiam | R. Balasubramium
7,Alapati Sahithya Krishna,AOR,most_frequent,32,5,32,A. S. Krishna | A. Sahithya Krishna | Alapati Sahithya Krishna | Alapati Sahitya Krishna | Alapati Sathithya Krishna
8,Sethu Prabhakaran,ADVOCATE,most_frequent,24,5,24,S. Prabakaran | S. Prabhakar | S. Prabhakaran | Sethu Prabakaran | Sethu Prabhakaran
9,Rahul Shukla,SENIOR,most_frequent,5,1,5,Rahul Shukla
10,Siddharth S. Chapalgoankar,AOR,most_frequent,29,6,29,Siddharth Chapalgaokar | Siddharth S. Chapalganonkar | Siddharth S. Chapalgaokar | Siddharth S. Chapalgaonkar | Siddharth S. Chapalgaorkar | Siddharth S. Chapalgoankar
11,R. Anand Padmanabhan,AOR,registry(sim=1.00),67,12,64,R Anand Padmanaban | R Anand Padmanabha | R Anand Padmanabhan Padmanabhan | R. Ananad Padmanabhan | R. Anand Padmanabham | R. Anand Padmanabhan | R. Anand Padmanabhavan | R. Anand Padmanabhgan | R. Anand Padmanadhan | R. Anand Padmananham | R. Anand Padmnanabhan | R. Anand Padnamabhan
12,Mothi Jaiswal,AOR,most_frequent,2,1,2,Mothi Jaiswal
13,M. Chandrakanth Reddy,ADVOCATE,most_frequent,54,8,52,M. Chandankanth Reddy | M. Chandrakant Reddy | M. Chandrakanta Reddy | M. Chandrakanth Reddy | M. Chandrakantn Reddy | M. Chandrakath Reddy | M. Chandrakhanth Reddy | M. Cnahdrakant Reddy
14,Naman Vashishtha,ADVOCATE,most_frequent,17,6,17,Naman Vashishtha | Naman Vashistha | Naman Vashisththa | Naman Vasishta | Naman Vasishtha | Naman Vishastha
15,Abhinav Kumar Srivastava,ADVOCATE,most_frequent,34,8,34,Abhinav Kumar Shrivastava | Abhinav Kumar Srivastava | Abhinav Sharivastava | Abhinav Shrivasava | Abhinav Shrivastav | Abhinav Shrivastava | Abhinav Srivastav | Ahinav Shrivastava
16,Vinod Bhiduri,AOR,most_frequent,4,1,4,Vinod Bhiduri
17,Praveen Kumar Shharma,AOR,most_frequent,11,5,11,Parveen Kumar Sharma | Parveen Sharma | Praveen Kumar Sharma | Praveen Kumar Shharma | Praveen Sharma
18,S. n. Mitra,AOR,most_frequent,2,1,2,S. n. Mitra
19,Rahul Kushwaha,ADVOCATE,most_frequent,14,4,13,Rahul Khuswaha | Rahul Kushwah | Rahul Kushwaha | Rahul Kushwha
20,Kynphamlin V Kharlyngdoh,ADVOCATE,most_frequent,63,6,61,K. V. Kharlyngdoh | K. v. Kharlyngdog | Kynpham V. Karlyngdoh | Kynpham V. Kharlyndoh | Kynpham V. Kharlyngdoh | Kynphamlin V Kharlyngdoh
21,Avijit Mani Tripathy,AOR,most_frequent,3,2,3,Avijit Mani Tripathi | Avijit Mani Tripathy
22,Suresh Kumar,ADVOCATE,most_frequent,21,2,21,Suresh Kumar | Sureshan Kumar
23,Vikash Chandra Shukla,ADVOCATE,most_frequent,6,1,6,Vikash Chandra Shukla
24,Arvindh Datar,SENIOR,most_frequent,28,4,28,Aravind Datar | Arvind Datar | Arvind Dattar | Arvindh Datar
25,Aashish Bhagat,ADVOCATE,most_frequent,6,1,6,Aashish Bhagat
26,N. Venkatraman,AOR,most_frequent,41,7,41,N V Venkataraman | N Venkataraman | N Venkatrama | N Venkatramnan | N. Venkataram | N. Venkataraman | N. Venkatraman
27,Vikramjeet Banernee,AOR,most_frequent,5,1,5,Vikramjeet Banernee
28,Kynpham V. Khalyngdoh,ADVOCATE,most_frequent,5,1,5,Kynpham V. Khalyngdoh
29,Yashswini,AOR,registry(sim=1.00),6,1,6,Yashswini
30,Mukul Rohatgi,SENIOR,most_frequent,35,6,34,Mokul Rohatgi | Mukhul Rohatgi | Mukul Roahtagi | Mukul Rohatagi | Mukul Rohatgi | Mukul Rohtagi
31,Rahul Shamber,AOR,longest,2,2,2,Rahul Sambher | Rahul Shamber
32,Mala Venkatesulu,AOR,most_frequent,17,3,17,M. Venkateshulu | M. Venkatesulu | Mala Venkatesulu
33,Musunuri Satyanarayana,AOR,most_frequent,75,8,74,M Sathyanaryanan | M. Sathiyanarayana | M. Sathyanarayaman | M. Sathyanarayana | M. Sathyanarayanan | M. Satyanarayana | M. Satyanarayanan | Musunuri Satyanarayana
34,Nithin Chowdhury Pavuluri,SENIOR,registry(sim=1.00),2,2,2,Nithin Chowdhury Pavuluri | Nithin Chowdray Pavuluri
35,V. Chittambaresh,ADVOCATE,most_frequent,76,6,75,V Chithambres | V. Chidambaresh | V. Chitambaresh | V. Chithambaresh | V. Chithembaresh | V. Chittambaresh
36,Vishal Khanna,ADVOCATE,most_frequent,56,3,54,V. Khanna | Vishal Khana | Vishal Khanna
37,Muhammad Farman Ashraf,ADVOCATE,most_frequent,6,3,6,Mohammad Farman Ashraf | Mohd. Farman Ashraf | Muhammad Farman Ashraf
38,K. Parmeswaran,ADVOCATE,most_frequent,43,6,40,K Parmeshw | K. PARMESHWAR | K. Parmeshwaram | K. Parmeshwra | K. Parmeswaran | K. parmeswar
39,Ehraaz Zafar,AOR,most_frequent,6,1,6,Ehraaz Zafar
40,Ananya Mittal,SENIOR,most_frequent,5,1,5,Ananya Mittal
41,Hema Aahu,AOR,most_frequent,3,1,3,Hema Aahu
42,Sabir Rafiq Kachhi,SENIOR,most_frequent,18,5,18,Sabbir Kacchi | Sabir Kacchi | Sabir Kachhi | Sabir Kachi | Sabir Rafiq Kachhi
43,Sughosh Subramanayam,ADVOCATE,most_frequent,37,6,37,Subodh Subramaniyam | Sughosgh Subramaniyam | Sughosh Subramanayam | Sughosh Subramaniyam | Sughosh Subramayam | Sughosh Subranmayam
44,Saunak Kumar Rajguru,AOR,most_frequent,6,3,6,Saunak Kumar Rajguru | Saunak Rajguru | Shaunak Rajguru
45,Piyush Deshpande,AOR,most_frequent,5,1,5,Piyush Deshpande
46,Rakesh Agarwal,ADVOCATE,most_frequent,57,6,56,Rakesh Agarwal | Rakesh Agarwala | Rakesh Aggarwal | Rakesh Aggarwall | Rakesh Aggrawal | Rakesh Agrwal
47,Partiv K. Goswami,AOR,most_frequent,9,2,9,Parthiv K. Goshwami | Partiv K. Goswami
48,Sunil Narayanan S.,ADVOCATE,most_frequent,4,1,4,Sunil Narayanan S.
49,Abhishek Kumar Pandey,SENIOR,most_frequent,68,5,66,Abhieshek Kumar Pandey | Abhishek Kr. Pandey | Abhishek Kumar Pandey | Abhishek Panday | Abhishek Pandey
50,Beena Victo,AOR,longest,1,1,1,Beena Victo
51,T. R. B. Sivakumar,AOR,registry(sim=1.00),4,1,4,T. R. B. Sivakumar
52,Aanand Krishna,AOR,most_frequent,5,1,5,Aanand Krishna
53,Garima Prasad,AOR,most_frequent,26,4,26,Garima Parashad | Garima Prasad | Garima Prasadh | Garima Prashad
54,Gopal Sankaranarayanan,SENIOR,most_frequent,37,15,37,Gopal Sankaranarayanam | Gopal Sankaranarayanan | Gopal Sankaranarayananan | Gopal Sankaranayanans | Gopal Sankaranayayanan | Gopal Sankararayanan | Gopal Sankarayanan | Gopal Sankarnararayanan | Gopal Sankarnarayanan | Gopal Sankarnarayananan | Gopal Sankarnaraynan | Gopal Shankaranarayan | Gopal Shankaranarayanan | Gopal Shankranarayanan | Gopal Snakaranarayana
55,Satish Bakshi,ADVOCATE,most_frequent,2,1,2,Satish Bakshi
56,Swati Ghildiyal,AOR,most_frequent,41,5,39,Swati Ghildhiyal | Swati Ghildiyal | Swati Ghildiyla | Swati Gildiyal | Swati Gildyal
57,Kapil Sibal,SENIOR,registry(sim=1.00),82,5,82,Kapi Sibal | Kapil Shibal | Kapil Sibal | Kapil Sibbal | Kapil Sibhal
58,SharavanMadhav K. P,AOR,most_frequent,5,1,5,SharavanMadhav K. P
59,P. V. Yogeshwaran,AOR,registry(sim=1.00),29,3,29,P V Yogeswaram | P. V Yogesgwaran | P. V. Yogeshwaran
60,Sailandra Solanki,ADVOCATE,most_frequent,4,1,4,Sailandra Solanki
61,Akshay Amritanshu,AOR,most_frequent,65,6,64,Akshay Amritanshu | Akshay Amritansu | Akshay Amritranshu | Akshay Amritsanshu | Akshway Amritanshu | Askhay Amritanshu
62,Gaurav Nats,AOR,most_frequent,5,1,5,Gaurav Nats
63,Rajesh Singh Chauchan,AOR,longest,1,1,1,Rajesh Singh Chauchan
64,Vinayak Shartma,ADVOCATE,most_frequent,5,1,5,Vinayak Shartma
65,Sandeep Payaal,AOR,longest,1,1,1,Sandeep Payaal
66,Garima Prashad u. p,AOR,most_frequent,6,1,6,Garima Prashad u. p
67,Anand Satyaselan,SENIOR,longest,1,1,1,Anand Satyaselan
68,Adv. Priya Sharma,SENIOR,longest,11,2,11,Adv. Priya Sharma | Priya Sharma
69,Zaid Raza,ADVOCATE,most_frequent,6,1,6,Zaid Raza
70,Vikramjeet Banjeree,AOR,most_frequent,4,1,4,Vikramjeet Banjeree
71,Rajesh Singh Chaunhan,AOR,most_frequent,2,1,2,Rajesh Singh Chaunhan
72,Akshay Amkritanshu,AOR,most_frequent,13,1,13,Akshay Amkritanshu
73,Bholle Taguru Pharmendra,AOR,most_frequent,15,2,14,Bholle Taguru Pharmendra | Bholle Taguru Pharnendra
74,Prateek K Chaddha,AOR,registry(sim=1.00),58,6,58,Prateek Chada | Prateek Chadda | Prateek Chaddha | Prateek K Chaddha | Prateek K Chadha | Prateek Krishna Chadha
75,Rajeev Kumar Choudhary,SENIOR,most_frequent,10,4,10,Rajeev Chowdhuray | Rajeev Kumar Choudhary | Rajshree Chaudhari | Rajshree Choudhary
76,Rajan Kumar Chourasia,AOR,most_frequent,58,12,57,Raja Kumar Chourasia | Rajan K. Chourasia | Rajan Kmumar Chourasia | Rajan Kr. Chaurasia | Rajan Kumar Chaurasia | Rajan Kumar Chouraisa | Rajan Kumar Chourasaia | Rajan Kumar Chourasia | Rajan Kumar Chourasiya | Rajan Kumar Chourazia | Rajan Kumat Chourasia | Rajan Mumar Chourasiya
77,DrishtiS Saraf,SENIOR,most_frequent,2,1,2,DrishtiS Saraf
78,Hasan Sayed,AOR,most_frequent,5,1,5,Hasan Sayed
79,T. S. Ahuja,ADVOCATE,most_frequent,3,1,3,T. S. Ahuja
80,Gagan Tiwari,AOR,most_frequent,5,1,5,Gagan Tiwari
81,Vinay Kumar Aharodiya,ADVOCATE,most_frequent,21,5,21,Vinay Kr. Aherodiya | Vinay Kumar Aharodiya | Vinay Kumar Aherodia | Vinay Kumar Aherodiya | Vinay Kumar Ahrodia
82,Ajith Williyam,AOR,most_frequent,6,3,6,Ajith Willayam | Ajith William | Ajith Williyam
83,Avijit Chakraborty,AOR,most_frequent,2,1,2,Avijit Chakraborty
84,Garima Prasha,AOR,most_frequent,6,1,6,Garima Prasha
85,Hitesh B. J.,ADVOCATE,most_frequent,4,1,4,Hitesh B. J.
86,Laxmi Narayan Pandey,AOR,most_frequent,5,1,5,Laxmi Narayan Pandey
87,Awadesh Chaubey,AOR,most_frequent,6,1,6,Awadesh Chaubey
88,Chittra Y. Parade,ADVOCATE,most_frequent,2,1,2,Chittra Y. Parade
89,Sathvik Chandrashekar,AOR,most_frequent,20,3,20,Sathvik Chandrasekar | Sathvik Chandrasekhar | Sathvik Chandrashekar
90,Abdesh Chaudhary,AOR,most_frequent,22,4,22,Abdesh Chaudhary | Adesh Chaudhary | Adesh Choudhary | Awdesh Chaudhary
91,Deepak Nargolkar,AOR,most_frequent,10,1,10,Deepak Nargolkar
92,Bholle Taguru Pharendra,AOR,most_frequent,30,1,30,Bholle Taguru Pharendra
93,Indira B.,ADVOCATE,most_frequent,5,1,5,Indira B.
94,Jandyala Ravi Shankar,AOR,most_frequent,4,1,4,Jandyala Ravi Shankar
95,Abhinav K. Mutyalwar,AOR,most_frequent,26,1,26,Abhinav K. Mutyalwar
96,Awaint Kumar Singh,AOR,most_frequent,4,3,4,Awaint Kumar Singh | Awani Kumar Singh | Awanit Kumar Singh
97,Vijayesh Atre,AOR,most_frequent,5,1,5,Vijayesh Atre
98,Nagma Khan,SENIOR,most_frequent,2,1,2,Nagma Khan
99,V Chithamaresh,ADVOCATE,most_frequent,12,2,12,V Chithamaresh | V. chitamaresh
100,Gopalkrishnan P.,ADVOCATE,longest,1,1,1,Gopalkrishnan P.
101,Oppal Tiwari,ADVOCATE,most_frequent,6,1,6,Oppal Tiwari
102,Swikar Sankrit,ADVOCATE,most_frequent,4,1,4,Swikar Sankrit
103,Reya Paul,AOR,most_frequent,3,1,3,Reya Paul
104,Payal Mitra,AOR,most_frequent,5,1,5,Payal Mitra
105,Shrutee Aradhana,SENIOR,registry(sim=1.00),4,3,4,Shrutee Aradhana | Shrutee Aradhna | Srutee Aradhana
106,Yanitha M. S.,AOR,most_frequent,4,1,4,Yanitha M. S.
107,Shivam Bajpai,ADVOCATE,most_frequent,5,1,5,Shivam Bajpai
108,Tejasvi Kumar,ADVOCATE,most_frequent,5,1,5,Tejasvi Kumar
109,A. Sirajudeen,AOR,most_frequent,18,6,18,A Sirajhudeen | A. Shirajudeen | A. Siraajuddin | A. Sirajudden | A. Sirajudeen | A. Sirazudeen
110,Shivangi Chawla,AOR,registry(sim=1.00),5,1,5,Shivangi Chawla
111,S. Choudhary,AOR,registry(sim=1.00),4,1,4,S. Choudhary
112,Devesh Pripathi,ADVOCATE,most_frequent,4,1,4,Devesh Pripathi
113,Chitvan Singhal,AOR,most_frequent,16,3,16,Chitvan Singhal | Chitvan Singhl | Chivan Singhal
114,Ravi Shankar Singh,SENIOR,most_frequent,4,1,4,Ravi Shankar Singh
115,V. N. Subramaniam,SENIOR,registry(sim=1.00),13,2,13,V. N. Subramaniam | V. N. Subramanian
116,P. Venkateshan,AOR,most_frequent,26,4,26,P Venkateran | P. Venkatesan | P. Venkatesen | P. Venkateshan
117,Om Sudhir Vidyarhi,ADVOCATE,most_frequent,2,1,2,Om Sudhir Vidyarhi
118,Rupali Francisca Samuel,ADVOCATE,most_frequent,5,2,4,Rupali Francisca Samuel | Rupali Samuel
119,Vikram A Narayanan,AOR,most_frequent,2,1,2,Vikram A Narayanan
120,Purendu Bajapai,ADVOCATE,longest,1,1,1,Purendu Bajapai
121,Varun Singu,AOR,most_frequent,4,1,4,Varun Singu
122,Bholle Taguru Dhaneendra,AOR,most_frequent,6,1,6,Bholle Taguru Dhaneendra
123,Shailja Kulsheshtha,AOR,most_frequent,8,3,7,Shailja Kulsheshtha | Shailja Kulsheshtra | Shailja Kulshestha
124,Akshay Amrianshu,AOR,most_frequent,6,1,6,Akshay Amrianshu
125,Pradeep Kumar Dwivedi,ADVOCATE,longest,2,2,2,Pradeep Kumar Dewivedi | Pradeep Kumar Dwivedi
126,Prateek Chandra,AOR,most_frequent,5,1,5,Prateek Chandra
127,Abid Ali Beeran P.,AOR,longest,1,1,1,Abid Ali Beeran P.
128,Siddharth Mudgal,AOR,most_frequent,6,1,6,Siddharth Mudgal
129,Viraj Mahavir Parakh,AOR,most_frequent,27,6,27,Viraj M. Parakah | Viraj M. Parakh | Viraj M. Parekh | Viraj Mahavir Parakh | Viraj Parakh | Viraj Parikh
130,Arun Subramanian,ADVOCATE,most_frequent,2,1,2,Arun Subramanian
131,Debasish Guin,SENIOR,most_frequent,4,1,4,Debasish Guin
132,Siddhartha Dave,ADVOCATE,most_frequent,10,2,10,Siddharth Dave | Siddhartha Dave
133,B. V. Vidyulatha,ADVOCATE,longest(clean),1,1,1,B. V. Vidyulatha
134,Shankar Swaminathan,AOR,registry(sim=1.00),2,1,2,Shankar Swaminathan
135,Prashanshika Thakur,AOR,most_frequent,6,1,6,Prashanshika Thakur
136,Shaik Mohammad Haneef,SENIOR,registry(sim=1.00),13,4,13,Shaik Mohammad Haneef | Shaik Mohammand Haneef | Shaik Mohd. Haneef | Shaik Mohmammad Haneef
137,Rajeshk Kumar,SENIOR,most_frequent,6,1,6,Rajeshk Kumar
138,Anamika Ka Yadav,AOR,longest,2,2,2,Anamika Ka Yadav | Anamika Yadav
139,Ayush A Mehrotra,AOR,most_frequent,4,1,4,Ayush A Mehrotra
140,Deepa Sinha,AOR,registry(sim=1.00),4,1,4,Deepa Sinha
141,Chitvan Singh,AOR,longest,1,1,1,Chitvan Singh
142,Arup Ratan Dutta Chaudhury,AOR,most_frequent,6,3,6,Arub Ratan Dutta Chaudhury | Arup Ratan Dutta Chaudhury | Arup Ratan Dutta Choudhury
143,Swati Ghirdiayl,AOR,most_frequent,11,2,11,Swati Ghirdiayl | Swati Ghirdiyal
144,Sumedha Haldev,ADVOCATE,longest,1,1,1,Sumedha Haldev
145,Dharmavaram Shyam Sunder,ADVOCATE,most_frequent,6,1,6,Dharmavaram Shyam Sunder
146,Adithya Bhanu Neekhra,SENIOR,most_frequent,11,5,11,Adidtya Bhanu Neekhra | Adithya Bhanu Neekhra | Aditya B. Neekhra | Aditya Bhanu Neekhra | Aditya Bhanu Neekra
147,Rovins F. Varma,ADVOCATE,most_frequent,2,1,2,Rovins F. Varma
148,Rishab Parik,AOR,most_frequent,3,2,3,Rishab Parik | Rishab Parikh
149,Swati Ghidiyal,AOR,most_frequent,5,1,5,Swati Ghidiyal
150,Meherunnisa Anand Jaitley,AOR,longest,1,1,1,Meherunnisa Anand Jaitley
151,Krishna Murthy,AOR,most_frequent,4,2,4,Krishna Murthi | Krishna Murthy
152,Gulshan Kumar Sachdeva,SENIOR,registry(sim=1.00),5,1,5,Gulshan Kumar Sachdeva
153,S. B. Upadhyari,ADVOCATE,most_frequent,4,1,4,S. B. Upadhyari
154,Deepak M. Nargolkar,AOR,most_frequent,7,2,7,D M Nargolkar | Deepak M. Nargolkar
155,Sumedha Halder,ADVOCATE,most_frequent,5,1,5,Sumedha Halder
156,Rohit Vikram Choudhary,AOR,most_frequent,13,4,13,R. V. Choudhary | Rohit V. Choudhary | Rohit Vikram Choudhary | Rohit Vikram Chowdhary
157,Vinayak Sharma,ADVOCATE,most_frequent,10,3,10,Vinayak S. Sharma | Vinayak Sahrma | Vinayak Sharma
158,L. K. Bhushan,AOR,most_frequent,3,1,3,L. K. Bhushan
159,Urvi Kuthiala,ADVOCATE,longest,1,1,1,Urvi Kuthiala
160,Atul Yeshwanth Chitale,ADVOCATE,longest,1,1,1,Atul Yeshwanth Chitale
161,Malay Patel,AOR,most_frequent,6,1,6,Malay Patel
162,Ishita Chouwdhury,ADVOCATE,longest,2,2,2,Ishita Chouwdhury | Ishita Chowdhary
163,Devendra Upadhyaya,SENIOR,most_frequent,4,1,4,Devendra Upadhyaya
164,R. K. Srivastava,AOR,most_frequent,5,2,5,R. K. Shrivastava | R. K. Srivastava
165,Raghvendra Kumar,AOR,most_frequent,5,1,5,Raghvendra Kumar
166,Satyendra Kumar Yadav,AOR,most_frequent,6,1,6,Satyendra Kumar Yadav
167,Om Sudhir Vidyarthi,ADVOCATE,most_frequent,13,4,13,Om Sudhir Vidhyarthi | Om Sudhir Vidyarthi | Om Sudhir Vidyarti | Om Suhir Vidyarthi
168,Dipesh Singhvi,ADVOCATE,most_frequent,5,1,5,Dipesh Singhvi
169,Arudra Rao,AOR,longest,2,2,2,Arudhra Rao | Arudra Rao
170,Anupam Mehrotra,AOR,longest,1,1,1,Anupam Mehrotra
171,Kaveeta Walia,ADVOCATE,most_frequent,4,1,4,Kaveeta Walia
172,Achsah Elizabeth Raju,SENIOR,most_frequent,5,1,5,Achsah Elizabeth Raju
173,K. Pareshwar,ADVOCATE,most_frequent,5,1,5,K. Pareshwar
174,Saran Iqwbal,AOR,most_frequent,6,1,6,Saran Iqwbal
175,Arvind Malik,AOR,most_frequent,6,1,6,Arvind Malik
176,G. S. Rathore,ADVOCATE,most_frequent,5,1,5,G. S. Rathore
177,Kanchan Thapliyal,AOR,longest,1,1,1,Kanchan Thapliyal
178,Kabir Alizia,SENIOR,most_frequent,2,1,2,Kabir Alizia
179,Lipi Garg,AOR,most_frequent,4,1,4,Lipi Garg
180,Paarthiv Goswami,AOR,longest,2,2,2,Paarthiv Goswami | Parthiv Goswami
181,Amit Soni,AOR,most_frequent,6,1,6,Amit Soni
182,Rajan Kumar Chouasia,AOR,most_frequent,5,1,5,Rajan Kumar Chouasia
183,K Pameshwar,ADVOCATE,most_frequent,4,2,4,K Pameshwar | K. Panmeshwar
184,Vikram Aditya Narayana,AOR,most_frequent,4,2,4,Vikram Aditya Narayan | Vikram Aditya Narayana
185,Polanki Gowtham,AOR,registry(sim=1.00),21,5,20,P. Gowtham | Polanki Gowhtam | Polanki Gowtam | Polanki Gowtham | Polankig Gowtham
186,P.. Suresh,AOR,most_frequent,6,1,6,P.. Suresh
187,Siddharth H. Dave,ADVOCATE,most_frequent,4,1,4,Siddharth H. Dave
188,Priya Sharma A.,SENIOR,most_frequent,3,1,3,Priya Sharma A.
189,Alapati Sahithya Krihnas,AOR,most_frequent,6,1,6,Alapati Sahithya Krihnas
190,Arvind P. Datar,SENIOR,most_frequent,33,3,33,Aravind P Datar | Arvind P. Datar | Arvind P. Dattar
191,Deepak Nargoklar,AOR,most_frequent,13,2,13,Deepak Nargokar | Deepak Nargoklar
192,Sanket Sarawgi,ADVOCATE,most_frequent,4,2,4,Sanket Saragwi | Sanket Sarawgi
193,Smt. Priya Sharma,SENIOR,most_frequent,3,1,3,Smt. Priya Sharma
194,Abhinav Muktyalwar,AOR,most_frequent,4,1,4,Abhinav Muktyalwar
195,Vikramaditya Pandey,AOR,longest,1,1,1,Vikramaditya Pandey
196,Archana Pathak Dave,ADVOCATE,most_frequent,18,5,18,A. P. Dave | Archana P. Dave | Archana Patahak Dave | Archana Pathak Dave | Archanat Pathak Dave
197,Anand Sanjay Sanjay M. Nuli,AOR,longest,2,2,2,Anand Sanjay M. Nuli | Anand Sanjay Sanjay M. Nuli
198,R. Anand Padanabhan,AOR,most_frequent,2,1,2,R. Anand Padanabhan
199,Asoke Kumar Banerjee,ADVOCATE,most_frequent,3,1,3,Asoke Kumar Banerjee
200,Shashi Bhusan Upadhaya,ADVOCATE,most_frequent,10,5,10,S. B. Upadhayay | S. B. Upadhyay | Sashi B Upadhyay | Shashi B. Upadhyay | Shashi Bhusan Upadhaya
201,Rohini Arora,ADVOCATE,most_frequent,6,1,6,Rohini Arora
202,Nitin Jangra,AOR,most_frequent,6,1,6,Nitin Jangra
203,Sheikh Fakhruddin Kalia,ADVOCATE,most_frequent,14,5,14,S. F. Kalia | Sheika F. Kalia | Sheikh Fakhruddin Kalia | Sheikhj F. Kalia | Shekih F. Kalia
204,Bheem Choudhary,AOR,registry(sim=1.00),1,1,1,Bheem Choudhary
205,Pratishtha Majumdar,SENIOR,most_frequent,4,2,4,Prartishtha Majumdar | Pratishtha Majumdar
206,Abhyankar Pratap,SENIOR,most_frequent,4,1,4,Abhyankar Pratap
207,Shohan Dev,AOR,most_frequent,4,1,4,Shohan Dev
208,Seshatalpa Sai Bandaru,AOR,most_frequent,15,4,15,S. S. Bandaru | Sesatalpa Sai Bandharu | Seshatalpa Sai Bandaru | Seshatalpa Sai Bandharu
209,S. Kumar,ADVOCATE,most_frequent,10,1,10,S. Kumar
210,Vaibhav Yeshwant Kulkarni,ADVOCATE,most_frequent,13,2,13,Vaibhav Y. Kulkarni | Vaibhav Yeshwant Kulkarni
211,BPS Dhakrey,ADVOCATE,most_frequent,2,1,2,BPS Dhakrey
212,Santosh Kumar Kolkunda,ADVOCATE,most_frequent,3,2,3,Santhosh Kumar Kolkundra | Santosh Kumar Kolkunda
213,Yudisht Singh,AOR,longest,1,1,1,Yudisht Singh
214,R. Anand Paemanabhan,AOR,most_frequent,3,1,3,R. Anand Paemanabhan
215,Soham Krishan Luthra,AOR,registry(sim=1.00),1,1,1,Soham Krishan Luthra
216,Ajith Williams,AOR,most_frequent,4,2,4,A. Williams | Ajith Williams
217,Garima Plrasad,AOR,most_frequent,4,1,4,Garima Plrasad
218,Mohammad Shahrukh Ali,AOR,most_frequent,6,4,6,Md Sharuk Ali | Md. Shahrukh Ali | Mohammad Shahrukh Ali | Mohd. Shahrukh Ali
219,Rohan Kumar Santoshi,AOR,most_frequent,5,2,5,Roahn K Santoshi | Rohan Kumar Santoshi
220,Ravinder N. Grover,AOR,registry(sim=1.00),6,1,6,Ravinder N. Grover
221,Deepak G. R.,SENIOR,most_frequent,5,1,5,Deepak G. R.
222,Bholle Taguru Phamendra,AOR,most_frequent,23,4,23,Bholle Taguru Phamendra | Bholle Taguru Phaneendra | Bholle Taguru Phanendra | Bholle Taguru Phannendra
223,Jayant K. Mehta,ADVOCATE,longest,1,1,1,Jayant K. Mehta
224,Vedant Varshney,AOR,longest,1,1,1,Vedant Varshney
225,Kapil Sibalm,SENIOR,most_frequent,6,1,6,Kapil Sibalm
226,Karan Kehar,AOR,registry(sim=1.00),3,1,3,Karan Kehar
227,Mahesh A. Jadhav,AOR,most_frequent,3,1,3,Mahesh A. Jadhav
228,Sanjiv Sawant,AOR,registry(sim=1.00),2,1,2,Sanjiv Sawant
229,Muthu Ganesh Pandian,AOR,most_frequent,19,4,19,Muthu Ganesan Pandian | Muthu Ganesh Pandian | Muthu Ganesh Pandiyan | Muthu Hanesa Pandian
230,Mitlesh Kumar J Sha,AOR,most_frequent,6,1,6,Mitlesh Kumar J Sha
231,Sana Banyal,AOR,longest,1,1,1,Sana Banyal
232,Shailja Kulshreshtha,AOR,most_frequent,7,2,7,Shailja Kulshreshta | Shailja Kulshreshtha
233,Gnagurunathan,ADVOCATE,most_frequent,3,1,3,Gnagurunathan
234,Mukul Rohgtagi,SENIOR,most_frequent,3,1,3,Mukul Rohgtagi
235,S. S. Sobti,AOR,longest(clean),5,1,5,S. S. Sobti
236,Sanjeev Kumar,AOR,most_frequent,8,2,8,Sanjeev Kumar | Sanjev Kumar
237,Naveen Kumar Jain,AOR,most_frequent,2,1,2,Naveen Kumar Jain
238,Bhuvneshver Prasad Nadheria,AOR,most_frequent,4,1,4,Bhuvneshver Prasad Nadheria
239,Saurabh Tiwari,SENIOR,most_frequent,2,1,2,Saurabh Tiwari
240,Vikaram Singh Gulia,ADVOCATE,most_frequent,5,1,5,Vikaram Singh Gulia
241,J. Vasanth,AOR,most_frequent,6,1,6,J. Vasanth
242,Sughosh Suramanyam,ADVOCATE,most_frequent,5,1,5,Sughosh Suramanyam
243,Arvind P. Data,SENIOR,most_frequent,6,1,6,Arvind P. Data
244,Sughosh Subnramanyam,ADVOCATE,most_frequent,3,1,3,Sughosh Subnramanyam
245,Aditya Bhanu Meekhra,SENIOR,most_frequent,2,1,2,Aditya Bhanu Meekhra
246,Varun Cahndiok,AOR,most_frequent,6,3,6,Varun Cahndiok | Varun Chandhiok | Varun Chandiok
247,Ranjit Kapoor,AOR,most_frequent,4,1,4,Ranjit Kapoor
248,P V Yogenshwaran,AOR,most_frequent,4,1,4,P V Yogenshwaran
249,Shrisatya Mohanty,AOR,most_frequent,5,3,5,Shrisatya Mohanty | Srisatya Mohanty | Srisatya Mohnaty
250,Soumya Sannidhanan,ADVOCATE,longest,3,3,3,Soumya Sannidhana | Soumya Sannidhanam | Soumya Sannidhanan
251,Chitra Y. Parande,ADVOCATE,longest,1,1,1,Chitra Y. Parande
252,Abhishek K. M. Panday,SENIOR,most_frequent,4,1,4,Abhishek K. M. Panday
253,Aditya Shankar Prasad,SENIOR,longest,4,3,4,Aditya Prasad | Aditya Prashad | Aditya Shankar Prasad
254,Ramneek Singh,AOR,most_frequent,3,1,3,Ramneek Singh
255,Gulafsha Kureshi,AOR,most_frequent,4,1,4,Gulafsha Kureshi
256,K Ramakanth Reddy,AOR,most_frequent,4,2,4,K Ramakanth Reddy | K. Ramakantha Reddy
257,Rahul Kushwahan,ADVOCATE,most_frequent,2,1,2,Rahul Kushwahan
258,Vanessa Joan Rodrigues,AOR,registry(sim=1.00),1,1,1,Vanessa Joan Rodrigues
259,Praneet Day,ADVOCATE,most_frequent,6,1,6,Praneet Day
260,Atiga Sigha,AOR,most_frequent,2,1,2,Atiga Sigha
261,Percy Pardiwalla,ADVOCATE,most_frequent,3,1,3,Percy Pardiwalla
262,Shamik Shirishbhai Sanjanwala,AOR,longest,2,2,2,Shamik Sanjanwala | Shamik Shirishbhai Sanjanwala
263,Naman N.,AOR,most_frequent,5,1,5,Naman N.
264,Sachita Chawla,ADVOCATE,most_frequent,5,1,5,Sachita Chawla
265,R. Kumar Chaurasia,AOR,most_frequent,2,1,2,R. Kumar Chaurasia
266,Atmaram N. S. Nadkarini,ADVOCATE,most_frequent,8,3,8,Atmaram N. S. Nadhkarni | Atmaram N. S. Nadkarini | Atmaram N. S. Nadkarni
267,Roshni Shrivastava,ADVOCATE,most_frequent,5,1,5,Roshni Shrivastava
268,Yashas. J.,ADVOCATE,most_frequent,2,1,2,Yashas. J.
269,Anu Chatrath Sr. Dag,SENIOR,most_frequent,3,1,3,Anu Chatrath Sr. Dag
270,Ritwik,SENIOR,registry(sim=1.00),5,1,5,Ritwik
271,Shivani Singh Varuna,ADVOCATE,most_frequent,5,1,4,Shivani Singh Varuna
272,Santosh Malligwad,ADVOCATE,most_frequent,4,1,4,Santosh Malligwad
273,Suchika Jain,AOR,most_frequent,3,1,3,Suchika Jain
274,Anant Shankar Tripathi,AOR,most_frequent,6,1,5,Anant Shankar Tripathi
275,Yogyata Jhunjunwala,AOR,most_frequent,5,2,5,Yogyata Jhunjhunwala | Yogyata Jhunjunwala
276,Vijaylakshmi Pandey,AOR,most_frequent,4,1,4,Vijaylakshmi Pandey
277,Amnish Saurabh,SENIOR,registry(sim=1.00),3,1,3,Amnish Saurabh
278,R. Singh Chauhan,AOR,most_frequent,2,1,2,R. Singh Chauhan
279,Abhinav Shrivatav,ADVOCATE,most_frequent,7,1,7,Abhinav Shrivatav
280,Abhinav K. Mutyatwar,AOR,most_frequent,3,1,3,Abhinav K. Mutyatwar
281,Rajesh Singh Chauhan,AOR,most_frequent,5,1,5,Rajesh Singh Chauhan
282,N. Vekatraman,AOR,most_frequent,8,2,8,N. Vekatraman | N. vekataraman
283,V. N. Ragupathy,SENIOR,most_frequent,4,2,4,V. N. Raghupathy | V. N. Ragupathy
284,Vikramjeet Bajnerjee,AOR,most_frequent,3,1,3,Vikramjeet Bajnerjee
285,Ataullah Mubarak Ahmad,AOR,registry(sim=1.00),6,1,6,Ataullah Mubarak Ahmad
286,Eswaran,ADVOCATE,most_frequent,5,1,5,Eswaran
287,Shamik Sanawala,AOR,longest,1,1,1,Shamik Sanawala
288,Pradyuman Kaistha,AOR,registry(sim=1.00),4,1,4,Pradyuman Kaistha
289,Pradeep Teotia,AOR,registry(sim=1.00),4,1,4,Pradeep Teotia
290,M. u. Mahmud,AOR,registry(sim=1.00),5,1,5,M. u. Mahmud
291,Satyavrat,AOR,most_frequent,6,1,6,Satyavrat
292,Sanjana Mehorotra,ADVOCATE,most_frequent,3,1,3,Sanjana Mehorotra
293,Jharna Singh,AOR,most_frequent,5,2,5,Harnaman Singh | Jharna Singh
294,Siddhartha A. Dave,ADVOCATE,longest,1,1,1,Siddhartha A. Dave
295,Ashmi Pradhan,AOR,registry(sim=1.00),3,1,3,Ashmi Pradhan
296,Neha Jha,ADVOCATE,most_frequent,3,1,3,Neha Jha
297,M. L. Sharma,ADVOCATE,most_frequent,6,1,6,M. L. Sharma
298,Aditya Saxena,AOR,registry(sim=1.00),5,1,5,Aditya Saxena
299,P. V. Yogerwaran,AOR,most_frequent,5,1,5,P. V. Yogerwaran
300,Rupali Samuvel,ADVOCATE,most_frequent,4,1,4,Rupali Samuvel
301,Sanjeev K.,AOR,most_frequent,4,1,4,Sanjeev K.
302,Jayasnth Muth Raj,ADVOCATE,longest,2,2,2,Jayanth Muthu Raj | Jayasnth Muth Raj
303,S. S. Sahu,ADVOCATE,longest(clean),3,1,3,S. S. Sahu
304,Aisha Thakur,AOR,most_frequent,3,1,3,Aisha Thakur
305,Gautam Choudhury,SENIOR,most_frequent,2,1,2,Gautam Choudhury
306,P. V. Yogreswaran,AOR,longest,1,1,1,P. V. Yogreswaran
307,Yghandha Pawa Jha,SENIOR,registry(sim=1.00),6,1,6,Yghandha Pawa Jha
308,L zafeer Ahmad B. F.,AOR,registry(sim=1.00),1,1,1,L zafeer Ahmad B. F.
309,M. Srikanth Varma,ADVOCATE,most_frequent,2,1,2,M. Srikanth Varma
310,Ajith Williyam S,AOR,most_frequent,14,2,14,Ajith Wiliiyam S. | Ajith Williyam S
311,R. D. Jatain,AOR,most_frequent,5,1,5,R. D. Jatain
312,Shanta Pandey,ADVOCATE,longest,1,1,1,Shanta Pandey
313,M. Vardhman Kaushik,AOR,longest,1,1,1,M. Vardhman Kaushik
314,Saurabh Vashishth,ADVOCATE,most_frequent,3,2,3,Saurabh Vashisht | Saurabh Vashishth
315,P. venkaesan,AOR,most_frequent,4,1,4,P. venkaesan
316,Amrit Kumar Saroha,SENIOR,most_frequent,3,1,3,Amrit Kumar Saroha
317,Saurabh Kumar Solanki,AOR,most_frequent,4,1,4,Saurabh Kumar Solanki
318,Aniket Vijay Seth,ADVOCATE,most_frequent,2,1,2,Aniket Vijay Seth
319,Rushabh S. Vidyarthi,ADVOCATE,most_frequent,3,1,3,Rushabh S. Vidyarthi
320,Vineet Subramani,SENIOR,most_frequent,11,3,11,V. Subramani | V. Subramanian | Vineet Subramani
321,Archit Mandhya,SENIOR,longest,1,1,1,Archit Mandhya
322,Rachna A. Pande,ADVOCATE,most_frequent,3,1,3,Rachna A. Pande
323,S. G. Prabhakar,ADVOCATE,most_frequent,4,1,4,S. G. Prabhakar
324,SGT Mritunjay,AOR,most_frequent,2,1,2,SGT Mritunjay
325,Asit Kumar Rari,ADVOCATE,most_frequent,3,1,3,Asit Kumar Rari
326,Kumar Vaibaw,AOR,registry(sim=1.00),2,1,2,Kumar Vaibaw
327,Sethu Prabhaharan,ADVOCATE,most_frequent,2,1,2,Sethu Prabhaharan
328,Rohit Khare,ADVOCATE,most_frequent,2,1,2,Rohit Khare
329,Vijit Poonia,ADVOCATE,most_frequent,4,1,4,Vijit Poonia
330,Sanjeev Pathak,AOR,most_frequent,2,1,2,Sanjeev Pathak
331,Nitin A. Kulkarni,AOR,registry(sim=1.00),2,1,2,Nitin A. Kulkarni
332,Srujana Suman Muad,ADVOCATE,longest,1,1,1,Srujana Suman Muad
333,Rajan Kuma Chousasia,AOR,most_frequent,4,1,4,Rajan Kuma Chousasia
334,K. v. Kharkyngdoh,ADVOCATE,most_frequent,9,1,9,K. v. Kharkyngdoh
335,Shishir Ku. Saxena,AOR,most_frequent,4,1,4,Shishir Ku. Saxena
336,K. Surendar,AOR,registry(sim=1.00),5,1,5,K. Surendar
337,Prabitra Kumar Biswal,AOR,most_frequent,5,1,5,Prabitra Kumar Biswal
338,R. Sudaharan,AOR,most_frequent,2,1,2,R. Sudaharan
339,Pranav Jain,AOR,registry(sim=1.00),1,1,1,Pranav Jain
340,M K. Raghav Raman,AOR,registry(sim=1.00),3,1,3,M K. Raghav Raman
341,Adesh Kumar Choudhary,AOR,most_frequent,6,3,6,Abdesh Kumar Choudhary | Adesh Kumar Chaudhary | Adesh Kumar Choudhary
342,Surjeet Bhadu,SENIOR,longest,1,1,1,Surjeet Bhadu
343,Aman Varma,ADVOCATE,most_frequent,5,2,5,Aman Varma | Naman Varma
344,P. V. Yogesvaran,AOR,most_frequent,6,2,6,P V Yogeshvaran | P. V. Yogesvaran
345,Gopal Jaiswal,AOR,most_frequent,5,1,5,Gopal Jaiswal
346,Soni Bhardwaj,ADVOCATE,most_frequent,6,1,6,Soni Bhardwaj
347,Mohammad Ibrahim,AOR,registry(sim=1.00),6,4,6,Mohammad Ibrahim | Mohd Ibrahim | Mohd. Rayyan Ibrahim | Mohmmad Ibrahim
348,Vasu Kalma,ADVOCATE,most_frequent,5,1,5,Vasu Kalma
349,Chief of Army Staff,ADVOCATE,most_frequent,3,1,3,Chief of Army Staff
350,Vaibhav Y. Kuklarni,ADVOCATE,most_frequent,2,1,2,Vaibhav Y. Kuklarni
351,Abay Anturkar,ADVOCATE,most_frequent,6,1,6,Abay Anturkar
352,Bhagatwal Dayal,ADVOCATE,most_frequent,6,1,6,Bhagatwal Dayal
353,Ranjita,AOR,registry(sim=1.00),1,1,1,Ranjita
354,Tirupati Gaurav Shahi,ADVOCATE,most_frequent,4,2,4,T. G. Shahi | Tirupati Gaurav Shahi
355,Amol Vasant Konkane,ADVOCATE,most_frequent,2,1,2,Amol Vasant Konkane
356,Atmaram Nadkarni,ADVOCATE,most_frequent,3,1,3,Atmaram Nadkarni
357,Saurabh Kumar Solani,AOR,most_frequent,2,1,2,Saurabh Kumar Solani
358,Hari Prakash Sharma,AOR,longest,1,1,1,Hari Prakash Sharma
359,Vikramjeet Banerjee,AOR,most_frequent,4,2,4,Vikramjeet Banerjee | Vikramjeet Bvanerjee
360,N Venkaraman,AOR,most_frequent,5,1,5,N Venkaraman
361,M. Balamurugan,AOR,most_frequent,4,1,4,M. Balamurugan
362,Jubin Prasad,ADVOCATE,most_frequent,4,1,4,Jubin Prasad
363,Arivanhagan A. C.,ADVOCATE,most_frequent,4,1,4,Arivanhagan A. C.
364,Rupali Samuels,ADVOCATE,most_frequent,6,2,6,Rupali Samuels | Ruppali Samuels
365,Anoop Kumar Rattan,ADVOCATE,most_frequent,6,4,6,Anoop K. Rattan | Anoop Kumar Rattan | Anoop Kumar Ratthan | Anoop Rattan
366,Mahesh Jadhav,AOR,most_frequent,2,1,2,Mahesh Jadhav
367,Nandini Acharya,AOR,most_frequent,3,1,3,Nandini Acharya
368,Chandrashekhar Kale,ADVOCATE,most_frequent,5,1,5,Chandrashekhar Kale
369,Sathvik Chadrasekhar,AOR,most_frequent,7,2,7,Sathvik Chadrasekhar | Sathvik Chadrashekar
370,P. V. Yogewaran,AOR,most_frequent,6,1,6,P. V. Yogewaran
371,Reena K.,ADVOCATE,most_frequent,3,1,3,Reena K.
372,Vibhanshu Dubey,AOR,registry(sim=1.00),3,1,3,Vibhanshu Dubey
373,Vikramjeet Baner,AOR,most_frequent,4,2,4,Vikramjeet Baner | Vikramjeet Baneree
374,Karanbir Nalwa,ADVOCATE,most_frequent,5,1,5,Karanbir Nalwa
375,Pratap Abhyankar,AOR,most_frequent,5,1,5,Pratap Abhyankar
376,Akshay K. Panda,SENIOR,most_frequent,5,2,5,A. k. Panda | Akshay K. Panda
377,Prateek Chanda,AOR,most_frequent,3,1,3,Prateek Chanda
378,Vinod K. Bhiduri,AOR,most_frequent,2,1,2,Vinod K. Bhiduri
379,Mrs. Priya Sharma,SENIOR,most_frequent,4,1,4,Mrs. Priya Sharma
380,HGS Parihar,ADVOCATE,most_frequent,5,1,5,HGS Parihar
381,Sameer Singh Kachwaha,AOR,registry(sim=1.00),4,1,4,Sameer Singh Kachwaha
382,S. R. Desai,SENIOR,most_frequent,2,1,2,S. R. Desai
383,Kishore Kumar Kvd,AOR,most_frequent,6,1,6,Kishore Kumar Kvd
384,Shakeel Sarwar Wani,AOR,registry(sim=1.00),2,1,2,Shakeel Sarwar Wani
385,Gursimran,AOR,most_frequent,5,1,5,Gursimran
386,Mukul Rohtatgi,SENIOR,most_frequent,3,1,3,Mukul Rohtatgi
387,Farheen Pennwale,ADVOCATE,most_frequent,4,2,4,Farheen Pennwale | Farheen Penwale
388,Vaidushya Parvi,AOR,registry(sim=1.00),4,1,4,Vaidushya Parvi
389,Ajay Kumar Srivastava,AOR,registry(sim=1.00),1,1,1,Ajay Kumar Srivastava
390,Seshatalpa Sai Badhru,AOR,most_frequent,5,2,5,Seshatalpa Sai Badhru | Seshatalpa Sai Bawdaru
391,Saakshi Singh Rawat,SENIOR,most_frequent,2,1,2,Saakshi Singh Rawat
392,Beena Victor,AOR,most_frequent,2,1,2,Beena Victor
393,Srisanya Bandopadhyay,AOR,most_frequent,3,2,3,Sirsanya Bandopadhyay | Srisanya Bandopadhyay
394,Thomas O.,ADVOCATE,most_frequent,2,1,2,Thomas O.
395,Sughosh Sunramanyam,ADVOCATE,most_frequent,6,1,6,Sughosh Sunramanyam
396,Harish Kumar M,ADVOCATE,most_frequent,5,1,5,Harish Kumar M
397,Somvir Singh Deswal,ADVOCATE,most_frequent,12,5,12,Somvir Sigh Deshwal | Somvir Singh Deshwal | Somvir Singh Deswal | Somvir Singh Deswl | Somvir Singhh Deswal
398,Satakshi Sahai,AOR,most_frequent,4,1,4,Satakshi Sahai
399,Jasleen Kaur Sawney,ADVOCATE,most_frequent,6,4,6,Jasleen Kaur Sawhney | Jasleen Kaur Sawney | Jasleen Kaur Shawney | Jasleen Kaur Swahney
400,Shrayas Bhardwaj,AOR,most_frequent,4,1,4,Shrayas Bhardwaj
401,Anshika Verma,AOR,most_frequent,5,1,5,Anshika Verma
402,Gaurav Beniwal,ADVOCATE,most_frequent,3,1,3,Gaurav Beniwal
403,Sankranti Pathak,AOR,most_frequent,6,1,6,Sankranti Pathak
404,Navkiran Bajwa,ADVOCATE,longest,1,1,1,Navkiran Bajwa
405,Mohammed Mulla,AOR,longest,1,1,1,Mohammed Mulla
406,Adhiraj Shitole,SENIOR,most_frequent,5,1,5,Adhiraj Shitole
407,Chitvan Cinghal,AOR,most_frequent,4,1,4,Chitvan Cinghal
408,Deepinder Singh Patwalia,AOR,longest,1,1,1,Deepinder Singh Patwalia
409,Sreekumar Chellur,ADVOCATE,most_frequent,6,1,6,Sreekumar Chellur
410,Yatin Khochare,ADVOCATE,most_frequent,6,1,6,Yatin Khochare
411,Arka Nandi,AOR,longest,1,1,1,Arka Nandi
412,Gopala Kumar Vinnu,AOR,registry(sim=1.00),1,1,1,Gopala Kumar Vinnu
413,Bslpragatha M.,AOR,most_frequent,2,1,2,Bslpragatha M.
414,Mohinder Dutt Sharma,AOR,most_frequent,4,1,4,Mohinder Dutt Sharma
415,Yashvardhan Shan,AOR,most_frequent,2,1,2,Yashvardhan Shan
416,Joy Bajaj,AOR,most_frequent,2,1,2,Joy Bajaj
417,Ajiteshwar Singh,SENIOR,most_frequent,2,1,2,Ajiteshwar Singh
418,Percy J. Pardiwalla,ADVOCATE,most_frequent,2,1,2,Percy J. Pardiwalla
419,Sr N. K. Mody,AOR,most_frequent,5,2,5,N. K. Mody | Sr N. K. Mody
420,Rakesh Mishra,SENIOR,registry(sim=1.00),2,1,2,Rakesh Mishra
421,R N Verma,AOR,most_frequent,2,1,2,R N Verma
422,Farheen A. Penwale,ADVOCATE,most_frequent,2,1,2,Farheen A. Penwale
423,Saurabh Raghuvir Desai,SENIOR,longest,1,1,1,Saurabh Raghuvir Desai
424,Himmat Singh,SENIOR,most_frequent,6,1,6,Himmat Singh
425,Satyendra Kumar Singh,ADVOCATE,longest,1,1,1,Satyendra Kumar Singh
426,Ramakrishna Viraraghavan,ADVOCATE,most_frequent,4,3,4,Ramakrishan Veeraraghavan | Ramakrishna Viraraghavan | Ramakrishna Viraraghvan
427,Shubham Gupta,AOR,most_frequent,4,1,4,Shubham Gupta
428,Preshit Dnyaneshwar Bagul,ADVOCATE,longest,1,1,1,Preshit Dnyaneshwar Bagul
429,Anup Banerjee,AOR,longest,1,1,1,Anup Banerjee
430,Velencee Kri,ADVOCATE,most_frequent,4,1,4,Velencee Kri
431,Chitvan Sighal,AOR,most_frequent,2,1,2,Chitvan Sighal
432,Rakesh Kumar Mishra,SENIOR,most_frequent,3,1,3,Rakesh Kumar Mishra
433,Abhinav Matyalwar,AOR,most_frequent,5,1,5,Abhinav Matyalwar
434,Samprati Joshi,ADVOCATE,longest,1,1,1,Samprati Joshi
435,Manan Bhindora,AOR,most_frequent,4,1,4,Manan Bhindora
436,Gopal Shankanarayanan,SENIOR,most_frequent,3,1,3,Gopal Shankanarayanan
437,Nishima,SENIOR,most_frequent,3,1,3,Nishima
438,Anoop Rattan H P,ADVOCATE,most_frequent,4,1,4,Anoop Rattan H P
439,Rajesh Singh Chavhan,AOR,most_frequent,2,1,2,Rajesh Singh Chavhan
440,Diva Saigal,SENIOR,most_frequent,3,1,3,Diva Saigal
441,Om Sudhir Vidyathi,ADVOCATE,longest,1,1,1,Om Sudhir Vidyathi
442,Amarkant Patel,ADVOCATE,most_frequent,4,1,4,Amarkant Patel
443,Priyanka Hooda,AOR,registry(sim=1.00),1,1,1,Priyanka Hooda
444,Mohd. Saquib Siddiqui,AOR,most_frequent,2,1,2,Mohd. Saquib Siddiqui
445,Nitika Meheshwari,ADVOCATE,most_frequent,4,1,4,Nitika Meheshwari
446,Natasha Dalmia,AOR,registry(sim=1.00),4,2,4,Natasah Dalmia | Natasha Dalmia
447,Nithin P. Chaudhary,AOR,longest,1,1,1,Nithin P. Chaudhary
448,Sanjay Goyall,ADVOCATE,longest,1,1,1,Sanjay Goyall
449,Nithin Choudhary,AOR,most_frequent,3,1,3,Nithin Choudhary
450,Braham Singh,AOR,most_frequent,6,1,6,Braham Singh
451,Basa Mtithun Shashank,AOR,longest,1,1,1,Basa Mtithun Shashank
452,Sudhanshu Ghai,AOR,most_frequent,2,1,2,Sudhanshu Ghai
453,P. V Yogeshswaran,AOR,most_frequent,2,1,2,P. V Yogeshswaran
454,Vaibhav Kularni,ADVOCATE,most_frequent,4,1,4,Vaibhav Kularni
455,Vasudevan Raghavan,ADVOCATE,most_frequent,2,1,2,Vasudevan Raghavan
456,Alay Raje,SENIOR,registry(sim=1.00),2,1,2,Alay Raje
457,Somvir Singh Dewal,ADVOCATE,longest,1,1,1,Somvir Singh Dewal
458,Alapati Sahithya Krihna,AOR,most_frequent,3,1,3,Alapati Sahithya Krihna
459,Prasad Dani,SENIOR,longest,1,1,1,Prasad Dani
460,T. Illayaraju,AOR,longest,1,1,1,T. Illayaraju
461,Abhinav k. Mutyakwar,AOR,longest,1,1,1,Abhinav k. Mutyakwar
462,Pradeep Kumar Dwiwedi,ADVOCATE,longest,1,1,1,Pradeep Kumar Dwiwedi
463,Ram Shivomani Yadav,AOR,longest,1,1,1,Ram Shivomani Yadav
464,Lokinder Singh Phougat,AOR,longest,1,1,1,Lokinder Singh Phougat
465,Siddharth R. Dave,ADVOCATE,most_frequent,2,1,2,Siddharth R. Dave
466,Madhavi Dhawan,ADVOCATE,longest,1,1,1,Madhavi Dhawan
467,Romesh Pratap Singh,AOR,most_frequent,2,1,2,Romesh Pratap Singh
468,Anupama D.,AOR,registry(sim=1.00),2,1,2,Anupama D.
469,M. Vekatesulu,AOR,most_frequent,3,1,3,M. Vekatesulu
470,N. S. Vashist,ADVOCATE,most_frequent,4,3,4,N. S. Vashisht | N. S. Vashist | N. S. Vasisht
471,Rishab Singhal,AOR,longest,1,1,1,Rishab Singhal
472,Abhishek Kumar Paney,SENIOR,most_frequent,7,1,7,Abhishek Kumar Paney
473,Valraman,SENIOR,longest,1,1,1,Valraman
474,Khushika Setia,AOR,most_frequent,2,1,2,Khushika Setia
475,Chitvan Sinhal,AOR,most_frequent,4,1,4,Chitvan Sinhal
476,Poorna Chan Chandran,AOR,longest,2,2,2,Poorna Chan Chandran | Poorna Chandran
477,Preeti Reddy,ADVOCATE,most_frequent,2,1,2,Preeti Reddy
478,Vinayak Shamra,ADVOCATE,longest,1,1,1,Vinayak Shamra
479,Aditya N. Prasad,SENIOR,longest,1,1,1,Aditya N. Prasad
480,Ujjwal Bhardwaj,AOR,longest,1,1,1,Ujjwal Bhardwaj
481,Yeshwanth,AOR,most_frequent,4,1,4,Yeshwanth
482,Siddharth Chadalgaokar,AOR,longest,1,1,1,Siddharth Chadalgaokar
483,Ravi Swami,SENIOR,registry(sim=1.00),1,1,1,Ravi Swami
484,Dave,SENIOR,most_frequent,2,1,2,Dave
485,Ayushi Sigh,AOR,most_frequent,2,1,2,Ayushi Sigh
486,Daniya Nayyar,SENIOR,most_frequent,2,1,2,Daniya Nayyar
487,Rahul Kushwajha,ADVOCATE,longest,1,1,1,Rahul Kushwajha
488,Amit Mittal,ADVOCATE,most_frequent,2,1,2,Amit Mittal
489,Sushre Sirpa Sahu,ADVOCATE,most_frequent,3,2,3,Sushre Sirpa Sahu | Sushree Sirpa Sahu
490,Gokul Athithja R. P.,SENIOR,longest,1,1,1,Gokul Athithja R. P.
491,Anisul Haque,ADVOCATE,longest,1,1,1,Anisul Haque
492,Mukul Rohagi,SENIOR,most_frequent,3,1,3,Mukul Rohagi
493,Abhinav K Murtyalwar,AOR,longest,1,1,1,Abhinav K Murtyalwar
494,Garima Prashad A.,AOR,most_frequent,3,1,3,Garima Prashad A.
495,Mahesh Jadgav,AOR,longest,1,1,1,Mahesh Jadgav
496,Pradyuman Kaitha,AOR,longest,1,1,1,Pradyuman Kaitha
497,Sarthak Maggu,AOR,longest,1,1,1,Sarthak Maggu
498,Viraj Mahavir Panakh,AOR,most_frequent,2,1,2,Viraj Mahavir Panakh
499,Shankar P.,SENIOR,longest,1,1,1,Shankar P.
500,Shivansh Mishra,AOR,longest,1,1,1,Shivansh Mishra
501,T. R. B. Sivaumar,AOR,longest,1,1,1,T. R. B. Sivaumar
502,Parmesh Bali,SENIOR,registry(sim=1.00),1,1,1,Parmesh Bali
503,L. Zafeer Ahmed,AOR,most_frequent,2,1,2,L. Zafeer Ahmed
504,Pushkar Sharma,AOR,most_frequent,3,1,3,Pushkar Sharma
505,R. Vikram Choudhary,AOR,longest,1,1,1,R. Vikram Choudhary
506,M Venateshulu,AOR,longest,1,1,1,M Venateshulu
507,Rajeev Joshi,ADVOCATE,longest,1,1,1,Rajeev Joshi
508,Muthu Ganesa Pandian. K,AOR,most_frequent,2,1,2,Muthu Ganesa Pandian. K
509,Aditya Parmar,AOR,longest,1,1,1,Aditya Parmar
510,Edala Nooka Naidu,AOR,most_frequent,2,1,2,Edala Nooka Naidu
511,Jayanat Mehta,ADVOCATE,longest,1,1,1,Jayanat Mehta
512,Minakshi Pandey,SENIOR,longest,1,1,1,Minakshi Pandey
513,Sanjay Goel,AOR,registry(sim=1.00),1,1,1,Sanjay Goel
514,Akash Chouhdary,ADVOCATE,longest,1,1,1,Akash Chouhdary
515,Udit Dediya,ADVOCATE,longest,1,1,1,Udit Dediya
